{
  "curve" : {
    "degree" : 1,
    "periodic" : false,
    "point" : [
      [1.0000000000000002, 0, 0],
      [0.36818500000000004, 0, -0.365403],
      [0.36818500000000004, 0, -0.151527],
      [-0.36818500000000004, 0, -0.151527],
      [-0.36818500000000004, 0, -0.365403],
      [-1.0000000000000002, 0, 0],
      [-0.36818500000000004, 0, 0.365403],
      [-0.36818500000000004, 0, 0.151527],
      [0.36818500000000004, 0, 0.151527],
      [0.36818500000000004, 0, 0.365403],
      [1.0000000000000002, 0, 0]
    ],
    "knot" : [0.0, 1.0, 2.0, 3.0, 4.0, 5.0, 6.0, 7.0, 8.0, 9.0, 10.0]
  }
}