{
  "curve" : {
    "degree" : 2,
    "periodic" : true,
    "point" : [
      [-1.0, 0, 0],
      [-0.9648155763, 0.2585852076, 0],
      [-0.8656679889, 0.4997166579, 0],
      [-0.7075635319, 0.7075981467, 0],
      [-0.4994862224, 0.8652021729, 0],
      [-0.2587899292, 0.9656730337, 0],
      [0, 1.000145391, 0],
      [0.2587928962, 0.9656720447, 0],
      [0.4994921564, 0.865197228, 0],
      [0.7075645209, 0.7076001247, 0],
      [0.8656798568, 0.4997087459, 0],
      [0.9647829395, 0.2585822406, 0],
      [1.0, 0, 0],
      [1.0, 0, 0],
      [0.9656720447, 0, 0.2587935346],
      [0.865197228, 0, 0.4994927947],
      [0.7076001247, 0, 0.7075651593],
      [0.4997087459, 0, 0.8656804952],
      [0.2585822406, 0, 0.9647835779],
      [0, 0, 1.0],
      [-0.2585822406, 0, 0.9647835779],
      [-0.4997087459, 0, 0.8656804952],
      [-0.7076001247, 0, 0.7075651593],
      [-0.865197228, 0, 0.4994927947],
      [-0.9656720447, 0, 0.2587935346],
      [-1.0, 0, 0],
      [-0.9656730337, 0, -0.2587892909],
      [-0.8652021729, 0, -0.499485584],
      [-0.7075981467, 0, -0.7075628936],
      [-0.4997166579, 0, -0.8656673505],
      [-0.2585852076, 0, -0.9648149379],
      [0, 0, -1.0],
      [0.2585852076, 0, -0.9648149379],
      [0.4997166579, 0, -0.8656673505],
      [0.7075981467, 0, -0.7075628936],
      [0.8652021729, 0, -0.499485584],
      [0.9656730337, 0, -0.2587892909],
      [1.0, 0, 0],
      [0.9656720447, 0, 0.2587935346],
      [0.865197228, 0, 0.4994927947],
      [0.7076001247, 0, 0.7075651593],
      [0.4997087459, 0, 0.8656804952],
      [0.2585822406, 0, 0.9647835779],
      [0, 0, 1.0],
      [0, 0, 1.0],
      [0, -0.2585822406, 0.9647835779],
      [0, -0.4997087459, 0.8656804952],
      [0, -0.7076001247, 0.7075651593],
      [0, -0.865197228, 0.4994927947],
      [0, -0.9656720447, 0.2587935346],
      [0, -1.000145391, 0],
      [0, -0.9656730337, -0.2587892909],
      [0, -0.8652021729, -0.499485584],
      [0, -0.7075981467, -0.7075628936],
      [0, -0.4997166579, -0.8656673505],
      [0, -0.2585852076, -0.9648149379],
      [0, 0, -1.0],
      [0, 0.2585852076, -0.9648149379],
      [0, 0.4997166579, -0.8656673505],
      [0, 0.7075981467, -0.7075628936],
      [0, 0.8652021729, -0.499485584],
      [0, 0.9656730337, -0.2587892909],
      [0, 1.000145391, 0],
      [0, 0.9656720447, 0.2587935346],
      [0, 0.865197228, 0.4994927947],
      [0, 0.7076001247, 0.7075651593],
      [0, 0.4997087459, 0.8656804952],
      [0, 0.2585822406, 0.9647835779],
      [0, 0, 1.0],
      [0, 0, 1.0],
      [0.2585822406, 0, 0.9647835779],
      [0.4997087459, 0, 0.8656804952],
      [0.7076001247, 0, 0.7075651593],
      [0.865197228, 0, 0.4994927947],
      [0.9656720447, 0, 0.2587935346],
      [1.0, 0, 0],
      [1.0, 0, 0],
      [0.9647829395, -0.2585822406, 0],
      [0.8656798568, -0.4997087459, 0],
      [0.7075645209, -0.7076001247, 0],
      [0.4994921564, -0.865197228, 0],
      [0.2587928962, -0.9656720447, 0],
      [0, -1.000145391, 0],
      [-0.2587899292, -0.9656730337, 0],
      [-0.4994862224, -0.8652021729, 0],
      [-0.7075635319, -0.7075981467, 0],
      [-0.8656679889, -0.4997166579, 0],
      [-0.9648155763, -0.2585852076, 0],
      [-1.0, 0, 0],
      [-0.9648155763, 0.2585852076, 0]
    ],
    "knot" : [
      -1.0, 0.0, 1.0, 2.0, 3.0, 4.0, 5.0, 6.0, 7.0, 8.0, 9.0, 10.0,
      11.0, 12.0, 13.0, 14.0, 15.0, 16.0, 17.0, 18.0, 19.0, 20.0,
      21.0, 22.0, 23.0, 24.0, 25.0, 26.0, 27.0, 28.0, 29.0, 30.0,
      31.0, 32.0, 33.0, 34.0, 35.0, 36.0, 37.0, 38.0, 39.0, 40.0,
      41.0, 42.0, 43.0, 44.0, 45.0, 46.0, 47.0, 48.0, 49.0, 50.0,
      51.0, 52.0, 53.0, 54.0, 55.0, 56.0, 57.0, 58.0, 59.0, 60.0,
      61.0, 62.0, 63.0, 64.0, 65.0, 66.0, 67.0, 68.0, 69.0, 70.0,
      71.0, 72.0, 73.0, 74.0, 75.0, 76.0, 77.0, 78.0, 79.0, 80.0,
      81.0, 82.0, 83.0, 84.0, 85.0, 86.0, 87.0, 88.0, 89.0
    ]
  }
}