{
  "curve0" : {
    "degree" : 3,
    "periodic" : true,
    "point" : [
        [0, 0.7722648982292301, -0.7722648982292301],
        [0, 1.0921474924790704, 0],
        [0, 0.7722648982292301, 0.7722648982292301],
        [0, 0, 1.0921474924790704],
        [0, -0.7722648982292301, 0.7722648982292301],
        [0, -1.0921474924790704, 0],
        [0, -0.7722648982292301, -0.7722648982292301],
        [0, 0, -1.0921474924790704],
        [0, 0.7722648982292301, -0.7722648982292301],
        [0, 1.0921474924790704, 0],
        [0, 0.7722648982292301, 0.7722648982292301]
    ],
    "knot" : [-2.0, -1.0, 0.0, 1.0, 2.0, 3.0, 4.0, 5.0, 6.0, 7.0, 8.0, 9.0, 10.0]
  }
}